"SKU","Name","On Hand","Available","Customs Description","Tariff Code","Customs Value","Price","Warehouse Product Price","Barcode","Warehouse"
"WRRISP01","VEER RING IN SILVER Silver","652","652","Sterling silver jewelry","711311","10","0.0000","58.0000","VR-17","Vareya BV / Primary"
"WRRIGP01","VEER RING WOMAN GOLD","0","0","VEER RING WOMAN GOLD","0","0.0000","0.0000",,"VR-18","Vareya BV / Primary"
"WRMNMP01","LINEAR RING Silver","779","777","Imitation jewelry","711719","3","0.0000","18.0000","VR - 09","Vareya BV / Primary"
"WRMNGP01","LINEAR RING Gold","394","388","Imitation jewelry","711719","3","0.0000","18.0000","VR - 10","Vareya BV / Primary"
"WRCYMP01","FLUID RING Silver","1891","1883","Imitation jewelry","711719","3","0.0000","19.0000","VR - 11","Vareya BV / Primary"
"WRCYGP01","FLUID RING Gold","2019","2007","Imitation jewelry","711719","3","0.0000","19.0000","VR - 12","Vareya BV / Primary"
"WNSQMP01","SQUARE CHAIN NECKLACE Silver","941","941","Imitation jewelry","711719","4","0.0000","29.0000","VN - 24","Vareya BV / Primary"
"WNSQGP01","SQUARE CHAIN NECKLACE Gold","3196","3192","Imitation jewelry","711719","4","0.0000","29.0000","VN - 28","Vareya BV / Primary"
"WNFSMP01","FLUID CHAIN NECKLACE Silver","135","135","Imitation jewelry","711719","4","0.0000","29.0000","VN - 26","Vareya BV / Primary"
"WNFSGP01","FLUID CHAIN NECKLACE Gold","912","907","Imitation jewelry","711719","4","0.0000","29.0000","VN - 30","Vareya BV / Primary"
"WNDSMP01","BRAID CHAIN NECKLACE Silver","551","551","Imitation jewelry","711719","4","0.0000","29.0000","VN - 27","Vareya BV / Primary"
"WNDSGP01","BRAID CHAIN NECKLACE Gold","1642","1641","Imitation jewelry","711719","4","0.0000","29.0000","VN - 31","Vareya BV / Primary"
"WNBXMP01","BOX CHAIN NECKLACE Silver","1054","1054","Imitation jewelry","711719","4","0.0000","29.0000","VN - 25","Vareya BV / Primary"
"WNBXGP01","BOX CHAIN NECKLACE Gold","2690","2689","Imitation jewelry","711719","4","0.0000","29.0000","VN - 29","Vareya BV / Primary"
"WNBCSS01","Non-Violence x Vacier Women's Chain Necklace Silver","22","22","Sterling silver jewelry","711311","16","0.0000","108.0000","VN-20","Vareya BV / Primary"
"WNBCGS01","Non-Violence x Vacier Women's Chain Necklace Gold","41","41","Sterling silver jewelry","711311","16","0.0000","108.0000","VN-21","Vareya BV / Primary"
"WEMNMP01","LINEAR HOOPS Silver","205","205","Imitation jewelry","711719","4","0.0000","27.0000","VE - 01","Vareya BV / Primary"
"WEMNGP01","LINEAR HOOPS Gold","1135","1133","Imitation jewelry","711719","4","0.0000","27.0000","VE - 02","Vareya BV / Primary"
"WECYMP01","FLUID HOOPS Silver","274","270","Imitation jewelry","711719","4","0.0000","28.0000","VE - 03","Vareya BV / Primary"
"WECYGP01","FLUID HOOPS Gold","539","535","Imitation jewelry","711719","4","0.0000","28.0000","VE - 04","Vareya BV / Primary"
"WCMIVP06","Veer Set Gold Woman","0","0","Veer Set Gold Woman","0","0.0000","0.0000",,"1753959743","Vareya BV / Primary"
"WCMIVP05","VEER SET IN SILVER Silver","194","194","Sterling silver jewelry","711311","23","0.0000","167.0000","1753959498","Vareya BV / Primary"
"WCMIVP04","FLUID SET Gold","2007","2007","Imitation jewelry","711719","5","0.0000","42.0000","1732217776","Vareya BV / Primary"
"WCMIVP03","FLUID SET Silver","1883","1883","Imitation jewelry","711719","5","0.0000","42.0000","1732217898","Vareya BV / Primary"
"WCMIVP02","LINEAR SET Gold","388","388","Imitation jewelry","711719","5","0.0000","41.0000","1732217534","Vareya BV / Primary"
"WCMIVP01","LINEAR SET Silver","506","506","Imitation jewelry","711719","5","0.0000","41.0000","1732217352","Vareya BV / Primary"
"WBSQMP01","SQUARE CHAIN BRACELET Silver","478","473","Imitation jewelry","711719","3","0.0000","23.0000","VB-45","Vareya BV / Primary"
"WBSQGP01","SQUARE CHAIN BRACELET Gold","723","717","Imitation jewelry","711719","3","0.0000","23.0000","VB - 49","Vareya BV / Primary"
"WBRISP01","VEER CUFF IN SILVER Silver","194","194","Sterling silver jewelry","711311","17","0.0000","128.0000","VB-61","Vareya BV / Primary"
"WBRIGP01","VEER CUFF WOMAN GOLD","0","0","VEER CUFF WOMAN GOLD","0","0.0000","0.0000",,"VB-62","Vareya BV / Primary"
"WBMNMP01","LINEAR CUFF Silver","507","506","Imitation jewelry","711719","3","0.0000","25.0000","VB - 53","Vareya BV / Primary"
"WBMNGP01","LINEAR CUFF Gold","666","661","Imitation jewelry","711719","3","0.0000","25.0000","VB - 54","Vareya BV / Primary"
"WBFSMP01","FLUID CHAIN BRACELET Silver","345","340","Imitation jewelry","711719","3","0.0000","23.0000","VB - 47","Vareya BV / Primary"
"WBFSGP01","FLUID CHAIN BRACELET Gold","529","522","Imitation jewelry","711719","3","0.0000","23.0000","VB - 51","Vareya BV / Primary"
"WBDSMP01","BRAID CHAIN BRACELET Silver","100","99","Imitation jewelry","711719","3","0.0000","23.0000","VB - 48","Vareya BV / Primary"
"WBDSGP01","BRAID CHAIN BRACELET Gold","698","695","Imitation jewelry","711719","3","0.0000","23.0000","VB-52","Vareya BV / Primary"
"WBCYMP01","FLUID CUFF Silver","2980","2975","Imitation jewelry","711719","3","0.0000","26.0000","VB - 55","Vareya BV / Primary"
"WBCYGP01","FLUID CUFF Gold","3446","3433","Imitation jewelry","711719","3","0.0000","26.0000","VB - 56","Vareya BV / Primary"
"WBBXMP01","BOX CHAIN BRACELET Silver","319","318","Imitation jewelry","711719","3","0.0000","23.0000","VB - 46","Vareya BV / Primary"
"WBBXGP01","BOX CHAIN BRACELET Gold","1755","1754","Imitation jewelry","711719","3","0.0000","23.0000","VB - 50","Vareya BV / Primary"
"WBBCSS01","Non-Violence x Vacier Women's Chain Bracelet Silver","17","17","Sterling silver jewelry","711311","11","0.0000","78.0000","VB-41","Vareya BV / Primary"
"WBBCGS01","Non-Violence x Vacier Women's Chain Bracelet Gold","10","10","Sterling silver jewelry","711311","11","0.0000","78.0000","VB-42","Vareya BV / Primary"
"VRSISP02","RIPPLE SIGNET RING IN SILVER Silver","416","413","Sterling silver jewelry","711311","13","0.0000","92.0000","VR-13","Vareya BV / Primary"
"VRSISP01","UNISIZE SIGNET RING IN SILVER Silver","873","864","Imitation jewelry","711719","6","89.9000","53.6500","VR-05","Vareya BV / Primary"
"VRSIGP01","RIPPLE SIGNET RING IN GOLD","0","0","RIPPLE SIGNET RING IN GOLD","0","0.0000","0.0000",,"VR-14","Vareya BV / Primary"
"VRRISP01","VEER RING IN SILVER Silver","1196","1196","Sterling silver jewelry","711311","10","0.0000","58.0000","VR-15","Vareya BV / Primary"
"VRRIGP01","VEER RING MAN GOLD","0","0","VEER RING MAN GOLD","0","0.0000","0.0000",,"VR-16","Vareya BV / Primary"
"VROPSSP01","STACKABLE UNISIZE RING Silver","1896","1895","Imitation jewelry","711719","3","0.0000","17.0000","VR-24","Vareya BV / Primary"
"VROPSP01","EXCLUSIVE UNISIZE RING IN SILVER Silver","559","554","Imitation jewelry","711719","6","79.9000","67.0700","VR-04","Vareya BV / Primary"
"VROPSGP02","STACKABLE UNISIZE RING Gold","798","797","Imitation jewelry","711719","3","0.0000","17.0000","VR-25","Vareya BV / Primary"
"VROPMP02","MINIMAL UNISIZE RING Silver","2682","2657","Imitation jewelry","711719","3","18.9000","17.7700","VR-06","Vareya BV / Primary"
"VROPMB02","UNISIZE RING Silver","5473","5414","Imitation jewelry","711719","3","19.9000","14.8900","VR-03","Vareya BV / Primary"
"VROPGP02","MINIMAL UNISIZE RING Gold","5716","5709","Imitation jewelry","711719","3","19.9000","17.7700","VR-08","Vareya BV / Primary"
"VROPGB02","UNISIZE RING Gold","4805","4793","Imitation jewelry","711719","3","21.9000","14.8900","VR-07","Vareya BV / Primary"
"VROPBMB03","STACKABLE UNISIZE RING Black","378","377","Imitation jewelry","711719","3","0.0000","17.0000","VR-23","Vareya BV / Primary"
"VROPBMB02","UNISIZE RING Black","2198","2193","Imitation jewelry","711719","3","0.0000","19.0000","VR-22","Vareya BV / Primary"
"VROPBMB01","MINIMAL UNISIZE RING Black","1620","1619","Imitation jewelry","711719","3","0.0000","18.0000","VR-21","Vareya BV / Primary"
"VPPOPN02","VERSATILE VACIER WALLET","267","177","Wallet with outer surface of plastic sheeting","42023210","10","21.9000","18.6200","714414943","Vareya BV / Primary"
"VPENPN05","‍RIPPLE CARD HOLDER TAN (100% off)","2593","2589","Wallet with outer surface of plastic sheeting","42023210","10","0.0000","32.0000","1773661215","Vareya BV / Primary"
"VPENPN04","‍RIPPLE CARD HOLDER SAND (100% off)","2557","2554","Wallet with outer surface of plastic sheeting","42023210","10","0.0000","32.0000","1773661178","Vareya BV / Primary"
"VPENPN03","RIPPLE CARD HOLDER BLACK","2009","1993","Wallet with outer surface of plastic sheeting","42023210","10","0.0000","32.0000","1773661078","Vareya BV / Primary"
"VPENPN02","RIPPLE CARD HOLDER DARK BLUE","2415","2411","Wallet with outer surface of plastic sheeting","42023210","10","0.0000","32.0000","1773661012","Vareya BV / Primary"
"VPENMN01","MINIMAL VACIER WALLET","14761","14680","Wallet with outer surface of plastic sheeting","42023210","10","21.9000","21.1700","714421081","Vareya BV / Primary"
"VPBALN03","Bubble Mailer","169470","169470","Imitation jewelry","711719","3","0.0000","2.0000","1700818810","Vareya BV / Primary"
"VNWCMN02","WIRE CHAIN NECKLACE Silver","419","413","Imitation jewelry","711719","5","59.9000","29.6700","VN-06","Vareya BV / Primary"
"VNWCMN01","WIRE PENDANT NECKLACE Silver","1306","1306","Imitation jewelry","711719","4","29.0000","29.0000","VN-01","Vareya BV / Primary"
"VNWCMN0","WIRE PENDANT NECKLACE Silver","1310","1306","Imitation jewelry","711719","4","29.9000","29.6700","VN-01","Vareya BV / Primary"
"VNWCGN02","WIRE CHAIN NECKLACE Gold","1413","1412","Imitation jewelry","711719","5","69.9000","29.6700","VN-11","Vareya BV / Primary"
"VNWCGN01","WIRE PENDANT NECKLACE Gold","1759","1756","Imitation jewelry","711719","4","31.9000","29.6700","VN-10","Vareya BV / Primary"
"VNWCBMB02","WIRE PENDANT NECKLACE Black","207","207","Imitation jewelry","711719","4","0.0000","29.0000","VN-37","Vareya BV / Primary"
"VNWCBMB01","WIRE CHAIN NECKLACE Black","213","213","Imitation jewelry","711719","4","0.0000","29.0000","VN-36","Vareya BV / Primary"
"VNSQMN02","SQUARE CHAIN NECKLACE Silver","1450","1417","Imitation jewelry","711719","4","29.9000","23.7300","VN-07","Vareya BV / Primary"
"VNSQMN01","SQUARE PENDANT NECKLACE Silver","5581","5571","Imitation jewelry","711719","4","29.9000","29.6700","VN-02","Vareya BV / Primary"
"VNSQGN02","SQUARE CHAIN NECKLACE Gold","2963","2958","Imitation jewelry","711719","4","30.9000","23.7300","VN-12","Vareya BV / Primary"
"VNSQGN01","SQUARE PENDANT NECKLACE Gold","2028","2021","Imitation jewelry","711719","4","30.9000","29.6700","VN-13","Vareya BV / Primary"
"VNSQBMB02","SQUARE PENDANT NECKLACE Black","323","322","Imitation jewelry","711719","4","0.0000","29.0000","VN-39","Vareya BV / Primary"
"VNSQBMB01","SQUARE CHAIN NECKLACE Black","402","402","Imitation jewelry","711719","4","0.0000","29.0000","VN-38","Vareya BV / Primary"
"VNSEMP01","LINEAR CHAIN NECKLACE Silver","1394","1394","Imitation jewelry","711719","4","0.0000","29.0000","VN-34","Vareya BV / Primary"
"VNSEGP01","LINEAR CHAIN NECKLACE Gold","574","571","Imitation jewelry","711719","4","0.0000","29.0000","VN-35","Vareya BV / Primary"
"VNSEBMB01","LINEAR CHAIN NECKLACE Black","480","478","Imitation jewelry","711719","4","0.0000","29.0000","VN-44","Vareya BV / Primary"
"VNOCSN01","OCTAGON CHAIN NECKLACE IN SILVER Silver","556","554","Sterling silver jewelry","711311","11","0.0000","75.5700","VN-18","Vareya BV / Primary"
"VNCLSN01","CLIP CHAIN NECKLACE IN SILVER Silver","398","394","Sterling silver jewelry","711311","11","0.0000","75.5700","VN-19","Vareya BV / Primary"
"VNCCMN02","MINIMAL CHAIN NECKLACE Silver","1983","1972","Imitation jewelry","711719","5","59.9000","23.7300","VN-08","Vareya BV / Primary"
"VNCCMN01","MINIMAL PENDANT NECKLACE Silver","1415","1410","Imitation jewelry","711719","4","29.9000","29.6700","VN-03","Vareya BV / Primary"
"VNCCGN02","MINIMAL CHAIN NECKLACE Gold","842","834","Imitation jewelry","711719","5","64.9000","23.7300","VN-15","Vareya BV / Primary"
"VNCCGN01","MINIMAL PENDANT NECKLACE Gold","2393","2387","Imitation jewelry","711719","4","30.9000","29.6700","VN-14","Vareya BV / Primary"
"VNCCBMB02","MINIMAL PENDANT NECKLACE Black","241","241","Imitation jewelry","711719","4","0.0000","29.0000","VN-41","Vareya BV / Primary"
"VNCCBMB01","MINIMAL CHAIN NECKLACE Black","300","300","Imitation jewelry","711719","4","0.0000","29.0000","VN-40","Vareya BV / Primary"
"VNBOMN02","BOX CHAIN NECKLACE Silver","1843","1835","Imitation jewelry","711719","4","29.9000","29.0000","VN-09","Vareya BV / Primary"
"VNBOMN01","BOX PENDANT NECKLACE Silver","2129","2118","Imitation jewelry","711719","4","29.9000","29.6700","VN-05","Vareya BV / Primary"
"VNBOGN02","BOX CHAIN NECKLACE Gold","1860","1858","Imitation jewelry","711719","4","30.9000","23.7300","VN-16","Vareya BV / Primary"
"VNBOGN01","BOX PENDANT NECKLACE Gold","924","923","Imitation jewelry","711719","4","30.9000","29.6700","VN-17","Vareya BV / Primary"
"VNBOBMB02","BOX PENDANT NECKLACE Black","180","180","Imitation jewelry","711719","4","0.0000","29.0000","VN-43","Vareya BV / Primary"
"VNBOBMB01","BOX CHAIN NECKLACE Black","194","193","Imitation jewelry","711719","4","0.0000","29.0000","VN-42","Vareya BV / Primary"
"VNBCSS01","Non-Violence x Vacier Men's Chain Necklace Silver","0","0","Sterling silver jewelry","7113110","0.0000","0.0000","108.0000","VN-22","Vareya BV / Primary"
"VNBCGS01","Non-Violence x Vacier Men's Chain Necklace Gold","28","27","Sterling silver jewelry","711311","16","0.0000","108.0000","VN-23","Vareya BV / Primary"
"versatile-vacier-wallet-100-off","VERSATILE VACIER WALLET (100% off)","177","177","Wallet with outer surface of plastic sheeting","42023210","2","0.0000","2.0000","714414943","Vareya BV / Primary"
"VCMIVP10","STACKABLE UNISIZE SET Silver","1317","1317","Imitation jewelry","711719","5","0.0000","39.5000","1765541776","Vareya BV / Primary"
"VCMIVP09","STACKABLE UNISIZE SET Gold","619","619","Imitation jewelry","711719","5","0.0000","39.5000","1765541478","Vareya BV / Primary"
"VCMIVP08","Veer Set Man Gold","0","0","Veer Set Man Gold","0","0.0000","0.0000",,"1753958045","Vareya BV / Primary"
"VCMIVP07","VEER SET IN SILVER Silver","364","364","Sterling silver jewelry","711311","23","0.0000","167.0000","1753881392","Vareya BV / Primary"
"VCMIVP06","RIPPLE SIGNET SET IN GOLD","0","0","RIPPLE SIGNET SET IN GOLD","0","0.0000","0.0000",,"1755520558","Vareya BV / Primary"
"VCMIVP05","RIPPLE SIGNET SET IN SILVER Silver","64","64","Sterling silver jewelry","711311","33","0.0000","226.4000","1755520062","Vareya BV / Primary"
"VCMIVP04","MINIMAL UNISIZE SET Gold","5709","5709","Imitation jewelry","711719","5","44.9000","62.6500","714429061","Vareya BV / Primary"
"VCMIVP03","MINIMAL UNISIZE SET Silver","2657","2657","Imitation jewelry","711719","5","42.9000","62.6500","714418448","Vareya BV / Primary"
"VCMIVP02","UNISIZE SIGNET SET IN SILVER Silver","201","201","Sterling silver jewelry","711311","34","229.9000","236.9000","714506808","Vareya BV / Primary"
"VCMIVP01","EXCLUSIVE UNISIZE SILVER SET Silver","209","209","Sterling silver jewelry","711311","25","189.9000","228.4000","714418227","Vareya BV / Primary"
"VCMIVN01","Vacier Gift Box and Cloth","1676","1676","Paperboard packaging box","48195000","0","0.0000",,"731308300","Vareya BV / Primary"
"VCMIVB04","UNISIZE SET Gold","4793","4793","Imitation jewelry","711719","5","45.9000","65.2000","714420717","Vareya BV / Primary"
"VCMIVB03","UNISIZE SET Silver","4682","4682","Imitation jewelry","711719","5","43.9000","65.2000","714428997","Vareya BV / Primary"
"VCMIVB01","STACKABLE UNISIZE SET Black","377","377","Imitation jewelry","711719","5","0.0000","39.5000","1765541854","Vareya BV / Primary"
"VCMIBMB08","MINIMAL UNISIZE SET Black","1497","1497","Imitation jewelry","711719","5","41.0000","41.0000","767357475","Vareya BV / Primary"
"VCMIBMB07","UNISIZE SET Black","1797","1797","Imitation jewelry","711719","5","0.0000","43.0000","1763135718","Vareya BV / Primary"
"VBWCMN03","WIRE CHAIN BRACELET Extra Small (Fits XXS-XS) / Silver","1231","1226","Imitation jewelry","711719","3","25.9000","21.1700","VB-16","Vareya BV / Primary"
"VBWCMN02","WIRE CHAIN BRACELET Extra Large (Fits XL- XXL) / Silver","1222","1221","Imitation jewelry","711719","3","25.9000","21.1700","VB-11","Vareya BV / Primary"
"VBWCMN01","WIRE CHAIN BRACELET Regular - Fits Most (Small to Large) / Silver","1246","1224","Imitation jewelry","711719","3","25.9000","21.1700","VB-04","Vareya BV / Primary"
"VBWCGN03","WIRE CHAIN BRACELET Extra Small (Fits XXS-XS) / Gold","1905","1903","Imitation jewelry","711719","4","26.9000","21.1700","VB-23","Vareya BV / Primary"
"VBWCGN02","WIRE CHAIN BRACELET Extra Large (Fits XL- XXL) / Gold","2142","2142","Imitation jewelry","711719","4","26.9000","21.1700","VB-22","Vareya BV / Primary"
"VBWCGN01","WIRE CHAIN BRACELET Regular - Fits Most (Small to Large) / Gold","450","443","Imitation jewelry","711719","4","26.9000","21.1700","VB-21","Vareya BV / Primary"
"VBWCBMB03","WIRE CHAIN BRACELET Extra Small (Fits XXS-XS) / Black","144","142","Imitation jewelry","711719","3","0.0000","23.0000","VB-77","Vareya BV / Primary"
"VBWCBMB02","WIRE CHAIN BRACELET Extra Large (Fits XL- XXL) / Black","27","24","Imitation jewelry","711719","3","0.0000","23.0000","VB-78","Vareya BV / Primary"
"VBWCBMB01","WIRE CHAIN BRACELET Regular - Fits Most (Small to Large) / Black","463","450","Imitation jewelry","711719","3","0.0000","23.0000","VB-79","Vareya BV / Primary"
"VBSQMN03","SQUARE CHAIN BRACELET Extra Small (Fits XXS-XS) / Silver","622","614","Imitation jewelry","711719","3","23.9000","16.9300","VB-17","Vareya BV / Primary"
"VBSQMN02","SQUARE CHAIN BRACELET Extra Large (Fits XL- XXL) / Silver","912","908","Imitation jewelry","711719","3","23.9000","16.9300","VB-12","Vareya BV / Primary"
"VBSQMN01","SQUARE CHAIN BRACELET Regular - Fits Most (Small to Large) / Silver","7740","7626","Imitation jewelry","711719","3","23.9000","16.9300","VB-05","Vareya BV / Primary"
"VBSQGN03","SQUARE CHAIN BRACELET Extra Small (Fits XXS-XS) / Gold","1275","1268","Imitation jewelry","711719","3","25.9000","16.9300","VB-26","Vareya BV / Primary"
"VBSQGN02","SQUARE CHAIN BRACELET Extra Large (Fits XL- XXL) / Gold","1495","1492","Imitation jewelry","711719","3","25.9000","16.9300","VB-25","Vareya BV / Primary"
"VBSQGN01","SQUARE CHAIN BRACELET Regular - Fits Most (Small to Large) / Gold","7894","7872","Imitation jewelry","711719","3","25.9000","16.9300","VB-24","Vareya BV / Primary"
"VBSQBMB03","SQUARE CHAIN BRACELET (Copy) Black / Extra Small (Fits XXS-XS)","496","496","Imitation jewelry","711719","3","0.0000","23.0000","VB-80","Vareya BV / Primary"
"VBSQBMB02","SQUARE CHAIN BRACELET (Copy) Black / Extra Large (Fits XL- XXL)","197","193","Imitation jewelry","711719","3","0.0000","23.0000","VB-81","Vareya BV / Primary"
"VBSQBMB01","SQUARE CHAIN BRACELET (Copy) Black / Regular - Fits Most (Small to Large)","1340","1333","Imitation jewelry","711719","3","0.0000","23.0000","VB-82","Vareya BV / Primary"
"VBSISP02","RIPPLE SIGNET CUFF IN SILVER Silver","64","64","Sterling silver jewelry","711311","23","0.0000","168.0000","VB-57","Vareya BV / Primary"
"VBSISP01","UNISIZE SIGNET CUFF IN SILVER Silver","201","201","Sterling silver jewelry","711311","20","149.9000","131.6700","VB-15","Vareya BV / Primary"
"VBSIGP01","RIPPLE SIGNET CUFF IN GOLD","0","0","RIPPLE SIGNET CUFF IN GOLD","0","0.0000","0.0000",,"VB-58","Vareya BV / Primary"
"VBSEMP03","LINEAR CHAIN BRACELET Extra Small (Fits XXS-XS) / Silver","207","206","Imitation jewelry","711719","3","0.0000","23.0000","VB-75","Vareya BV / Primary"
"VBSEMP02","LINEAR CHAIN BRACELET Extra Large (Fits XL- XXL) / Silver","183","183","Imitation jewelry","711719","3","0.0000","23.0000","VB-73","Vareya BV / Primary"
"VBSEMP01","LINEAR CHAIN BRACELET Regular - Fits Most (Small to Large) / Silver","3205","3203","Imitation jewelry","711719","3","0.0000","23.0000","VB-71","Vareya BV / Primary"
"VBSEGP03","LINEAR CHAIN BRACELET Extra Small (Fits XXS-XS) / Gold","188","187","Imitation jewelry","711719","3","0.0000","23.0000","VB-76","Vareya BV / Primary"
"VBSEGP02","LINEAR CHAIN BRACELET Extra Large (Fits XL- XXL) / Gold","112","112","Imitation jewelry","711719","3","0.0000","23.0000","VB-74","Vareya BV / Primary"
"VBSEGP01","LINEAR CHAIN BRACELET Regular - Fits Most (Small to Large) / Gold","1000","999","Imitation jewelry","711719","3","0.0000","23.0000","VB-72","Vareya BV / Primary"
"VBSEBMB03","LINEAR CHAIN BRACELET Extra Small (Fits XXS-XS) / Black","312","311","Imitation jewelry","711719","3","0.0000","23.0000","VB-93","Vareya BV / Primary"
"VBSEBMB02","LINEAR CHAIN BRACELET Extra Large (Fits XL- XXL) / Black","418","418","Imitation jewelry","711719","3","0.0000","23.0000","VB-92","Vareya BV / Primary"
"VBSEBMB01","LINEAR CHAIN BRACELET Regular - Fits Most (Small to Large) / Black","1388","1385","Imitation jewelry","711719","3","0.0000","23.0000","VB-91","Vareya BV / Primary"
"VBRISP01","VEER CUFF IN SILVER Silver","364","364","Sterling silver jewelry","711311","17","0.0000","128.0000","VB-59","Vareya BV / Primary"
"VBRIGP01","VEER CUFF MAN GOLD","0","0","VEER CUFF MAN GOLD","0","0.0000","0.0000",,"VB-60","Vareya BV / Primary"
"VBOCSN03","OCTAGON BRACELET IN SILVER Extra Small (Fits XXS-XS) / Silver","83","82","Sterling silver jewelry","711311","10","0.0000","46.8500","VB-37","Vareya BV / Primary"
"VBOCSN02","OCTAGON BRACELET IN SILVER Extra Large (Fits XL- XXL) / Silver","244","242","Sterling silver jewelry","711311","10","0.0000","46.8500","VB-36","Vareya BV / Primary"
"VBOCSN01","OCTAGON BRACELET IN SILVER Regular - Fits Most (Small to Large) / Silver","1806","1799","Sterling silver jewelry","711311","10","0.0000","46.8500","VB-35","Vareya BV / Primary"
"VBCUSSP01","STACKABLE UNISIZE CUFF Silver","1319","1317","Imitation jewelry","711719","3","0.0000","24.0000","VB-95","Vareya BV / Primary"
"VBCUSP01","EXCLUSIVE UNISIZE CUFF IN SILVER Silver","210","209","Sterling silver jewelry","711311","16","109.9000","98.5300","VB-09","Vareya BV / Primary"
"VBCUSGP02","STACKABLE UNISIZE CUFF Gold","621","619","Imitation jewelry","711719","3","0.0000","24.0000","VB-96","Vareya BV / Primary"
"VBCUMP02","MINIMAL UNISIZE CUFF Silver","3093","3071","Imitation jewelry","711719","4","26.9000","23.7200","VB-20","Vareya BV / Primary"
"VBCUMB02","UNISIZE CUFF Silver","4821","4682","Imitation jewelry","711719","4","27.9000","20.3300","VBCUMB02","Vareya BV / Primary"
"VBCUGP02","MINIMAL UNISIZE CUFF Gold","7368","7358","Imitation jewelry","711719","4","28.9000","23.7200","VB-28","Vareya BV / Primary"
"VBCUGB02","UNISIZE CUFF Gold","8872","8867","Imitation jewelry","711719","4","29.9000","20.3300","VB-27","Vareya BV / Primary"
"VBCUBMB03","STACKABLE UNISIZE CUFF Black","755","754","Imitation jewelry","711719","3","0.0000","24.0000","VB-94","Vareya BV / Primary"
"VBCUBMB02","UNISIZE CUFF Black","1806","1797","Imitation jewelry","711719","4","0.0000","27.0000","VB-84","Vareya BV / Primary"
"VBCUBMB01","MINIMAL UNISIZE CUFF Black","1498","1497","Imitation jewelry","711719","3","0.0000","25.0000","VB-83","Vareya BV / Primary"
"VBCLSN03","CLIP CHAIN BRACELET IN SILVER Silver / Extra Small (Fits XXS-XS)","134","133","Sterling silver jewelry","711311","10","0.0000","46.8500","VB-40","Vareya BV / Primary"
"VBCLSN02","CLIP CHAIN BRACELET IN SILVER Silver / Extra Large (Fits XL-XXL)","151","151","Sterling silver jewelry","711311","10","0.0000","46.8500","VB-39","Vareya BV / Primary"
"VBCLSN01","CLIP CHAIN BRACELET IN SILVER Silver / Regular - Fits Most (Small to Large)","634","628","Sterling silver jewelry","711311","10","0.0000","46.8500","VB-38","Vareya BV / Primary"
"VBCCMN03","MINIMAL CHAIN BRACELET Extra Small (Fits XXS-XS) / Silver","4099","4096","Imitation jewelry","711719","3","23.9000","21.1700","VB-18","Vareya BV / Primary"
"VBCCMN02","MINIMAL CHAIN BRACELET Extra Large (Fits XL- XXL) / Silver","4537","4536","Imitation jewelry","711719","3","23.9000","21.1700","VB-13","Vareya BV / Primary"
"VBCCMN01","MINIMAL CHAIN BRACELET Regular - Fits Most (Small to Large) / Silver","2293","2261","Imitation jewelry","711719","3","23.9000","21.1700","VB-07","Vareya BV / Primary"
"VBCCGN03","MINIMAL CHAIN BRACELET Extra Small (Fits XXS-XS) / Gold","2476","2475","Imitation jewelry","711719","3","25.9000","21.1700","VB-31","Vareya BV / Primary"
"VBCCGN02","MINIMAL CHAIN BRACELET Extra Large (Fits XL- XXL) / Gold","2629","2629","Imitation jewelry","711719","3","25.9000","21.1700","VB-30","Vareya BV / Primary"
"VBCCGN01","MINIMAL CHAIN BRACELET Regular - Fits Most (Small to Large) / Gold","4812","4802","Imitation jewelry","711719","3","25.9000","21.1700","VB-29","Vareya BV / Primary"
"VBCCBMB03","MINIMAL CHAIN BRACELET Extra Small (Fits XXS-XS) / Black","189","189","Imitation jewelry","711719","3","0.0000","23.0000","VB-85","Vareya BV / Primary"
"VBCCBMB02","MINIMAL CHAIN BRACELET Extra Large (Fits XL- XXL) / Black","248","246","Imitation jewelry","711719","3","0.0000","23.0000","VB-86","Vareya BV / Primary"
"VBCCBMB01","MINIMAL CHAIN BRACELET Regular - Fits Most (Small to Large) / Black","455","454","Imitation jewelry","711719","3","0.0000","23.0000","VB-87","Vareya BV / Primary"
"VBBOMN03","BOX CHAIN BRACELET Extra Small (Fits XXS-XS) / Silver","1462","1455","Imitation jewelry","711719","3","23.9000","16.9300","VB-19","Vareya BV / Primary"
"VBBOMN02","BOX CHAIN BRACELET Extra Large (Fits XL- XXL) / Silver","993","986","Imitation jewelry","711719","3","23.9000","16.9300","VB-14","Vareya BV / Primary"
"VBBOMN01","BOX CHAIN BRACELET Regular - Fits Most (Small to Large) / Silver","4993","4943","Imitation jewelry","711719","3","23.9000","16.9300","VB-10","Vareya BV / Primary"
"VBBOGN03","BOX CHAIN BRACELET Extra Small (Fits XXS-XS) / Gold","1564","1564","Imitation jewelry","711719","3","25.9000","16.9300","VB-34","Vareya BV / Primary"
"VBBOGN02","BOX CHAIN BRACELET Extra Large (Fits XL- XXL) / Gold","1455","1455","Imitation jewelry","711719","3","25.9000","16.9300","VB-33","Vareya BV / Primary"
"VBBOGN01","BOX CHAIN BRACELET Regular - Fits Most (Small to Large) / Gold","4781","4771","Imitation jewelry","711719","3","25.9000","16.9300","VB-32","Vareya BV / Primary"
"VBBOBMB03","BOX CHAIN BRACELET Extra Small (Fits XXS-XS) / Black","161","161","Imitation jewelry","711719","3","0.0000","23.0000","VB-88","Vareya BV / Primary"
"VBBOBMB02","BOX CHAIN BRACELET Extra Large (Fits XL- XXL) / Black","220","217","Imitation jewelry","711719","3","0.0000","23.0000","VB-89","Vareya BV / Primary"
"VBBOBMB01","BOX CHAIN BRACELET Regular - Fits Most (Small to Large) / Black","400","393","Imitation jewelry","711719","3","0.0000","23.0000","VB-90","Vareya BV / Primary"
"VBBCSS01","Non-Violence x Vacier Men's Chain Bracelet Silver","0","0","Sterling silver jewelry","71131100","0.0000","0.0000","78.0000","VB-43","Vareya BV / Primary"
"VBBCGS01","Non-Violence x Vacier Men's Chain Bracelet Gold","31","31","Sterling silver jewelry","711311","11","0.0000","78.0000","VB-44","Vareya BV / Primary"
"VACOTN01","Silver Cloth","1958","1919","Microfiber cleaning cloth","63071090","0","0.0000",,"VA-02","Vareya BV / Primary"
"VACARN01","Thank you for the support!","74068","73941","Thank you for the support!","48171000","0.0000","0.0000","2.0000","1700818763","Vareya BV / Primary"
"VABXRN01","Gift Box","1715","1676","Paperboard packaging box","48195000","0","0.0000","0.1000","1708946800","Vareya BV / Primary"
"BUBBLEMAILER","Vacier Bubble Mailer","0","0","Plastic Envelope with bubble protection inside.","48171000","0.0000","0.0000","2.0000","1695979322","Vareya BV / Primary"
"628c9d3fa115a","Vacier Gift Card €50.00","0","0","Vacier Gift Card €50.00","711719","0.0000","45.0000","10.0000","716586690","Vareya BV / Primary"
"628c9d3edc0b6","Vacier Gift Card €25.00","0","0","Vacier Gift Card €25.00","711719","0.0000","25.0000","25.0000","716586424","Vareya BV / Primary"
"628c9d3e33375","Vacier Gift Card €100.00","0","0","Vacier Gift Card €100.00","711719","0.0000","80.0000","10.0000","716586768","Vareya BV / Primary"
"628c9d3da1f36","Vacier Gift Card €10.00","0","0","Vacier Gift Card €10.00","711719","0.0000","10.0000","10.0000","716585953","Vareya BV / Primary"
"57384038564222","‍RIPPLE CARD HOLDER SAND (100% off)","0","0","‍RIPPLE CARD HOLDER SAND (100% off)","0","0.0000","0.0000",,"781843939","Vareya BV / Primary"
"57384038498686","‍RIPPLE CARD HOLDER DARK BLUE (100% off)","0","0","‍RIPPLE CARD HOLDER DARK BLUE (100% off)","0","0.0000","0.0000",,"781836895","Vareya BV / Primary"
"57384038269310","‍RIPPLE CARD HOLDER BLACK (100% off)","0","0","‍RIPPLE CARD HOLDER BLACK (100% off)","0","0.0000","0.0000",,"781837885","Vareya BV / Primary"
"57382603522430","‍VERSATILE VACIER WALLET (100% off)","0","0","‍VERSATILE VACIER WALLET (100% off)","0","0.0000","0.0000",,"781800753","Vareya BV / Primary"
"57370855506302","Ripple Card Holder Brown","0","0","Ripple Card Holder Brown","0","0.0000","0.0000",,"782170695","Vareya BV / Primary"
"57370855473534","Ripple Card Holder Beige","0","0","Ripple Card Holder Beige","0","0.0000","0.0000",,"781665366","Vareya BV / Primary"
"57370855440766","Ripple Card Holder Blue","0","0","Ripple Card Holder Blue","0","0.0000","0.0000",,"781665301","Vareya BV / Primary"
"57370855407998","Ripple Card Holder Black","0","0","Ripple Card Holder Black","0","0.0000","0.0000",,"782171071","Vareya BV / Primary"
"57214809145726","RIPPLE CARD HOLDER SAND","0","0","RIPPLE CARD HOLDER SAND","0","0.0000","0.0000","36.0000","778192988","Vareya BV / Primary"
"57214808326526","RIPPLE CARD HOLDER TAN","0","0","RIPPLE CARD HOLDER TAN","0","0.0000","0.0000","36.0000","778198204","Vareya BV / Primary"
"57214806589822","RIPPLE CARD HOLDER DARK BLUE","0","0","RIPPLE CARD HOLDER DARK BLUE","0","0.0000","0.0000","36.0000","778175497","Vareya BV / Primary"
"57214803771774","RIPPLE CARD HOLDER BLACK","0","0","RIPPLE CARD HOLDER BLACK","0","0.0000","0.0000","36.0000","778192793","Vareya BV / Primary"
"57214794203518","RIPPLE CARD HIOLDER BLACK","0","0","RIPPLE CARD HIOLDER BLACK","0","0.0000","0.0000",,"778175156","Vareya BV / Primary"
"57214309990782","RIPPLE CARD HOLDER IN BLUE","0","0","RIPPLE CARD HOLDER IN BLUE","0","0.0000","0.0000",,"778191368","Vareya BV / Primary"
"57214309335422","RIPPLE CARD HOLDER IN BLACK","0","0","RIPPLE CARD HOLDER IN BLACK","0","0.0000","0.0000",,"778171196","Vareya BV / Primary"
"57134559330686","Men's Cuff+Bracelets Bundle Black / Black / Black","0","0","Men's Cuff+Bracelets Bundle Black / Black / Black","0","0.0000","73.0000","58.4000","776159702","Vareya BV / Primary"
"57134559297918","Men's Cuff+Bracelets Bundle Black / Black / Gold","0","0","Men's Cuff+Bracelets Bundle Black / Black / Gold","0","0.0000","73.0000","58.4000","776192083","Vareya BV / Primary"
"57134559265150","Men's Cuff+Bracelets Bundle Black / Black / Silver","0","0","Men's Cuff+Bracelets Bundle Black / Black / Silver","0","0.0000","73.0000","58.4000","776189278","Vareya BV / Primary"
"57134559232382","Men's Cuff+Bracelets Bundle Black / Gold / Black","0","0","Men's Cuff+Bracelets Bundle Black / Gold / Black","0","0.0000","73.0000","58.4000","776189222","Vareya BV / Primary"
"57134559199614","Men's Cuff+Bracelets Bundle Black / Gold / Gold","0","0","Men's Cuff+Bracelets Bundle Black / Gold / Gold","0","0.0000","73.0000","58.4000","776159701","Vareya BV / Primary"
"57134559166846","Men's Cuff+Bracelets Bundle Black / Gold / Silver","0","0","Men's Cuff+Bracelets Bundle Black / Gold / Silver","0","0.0000","73.0000","58.4000","776189223","Vareya BV / Primary"
"57134559134078","Men's Cuff+Bracelets Bundle Black / Silver / Black","0","0","Men's Cuff+Bracelets Bundle Black / Silver / Black","0","0.0000","73.0000","58.4000","776159149","Vareya BV / Primary"
"57134559101310","Men's Cuff+Bracelets Bundle Black / Silver / Gold","0","0","Men's Cuff+Bracelets Bundle Black / Silver / Gold","0","0.0000","73.0000","58.4000","776189258","Vareya BV / Primary"
"57134559068542","Men's Cuff+Bracelets Bundle Black / Silver / Silver","0","0","Men's Cuff+Bracelets Bundle Black / Silver / Silver","0","0.0000","73.0000","58.4000","776161108","Vareya BV / Primary"
"57134559035774","Men's Cuff+Bracelets Bundle Gold / Black / Black","0","0","Men's Cuff+Bracelets Bundle Gold / Black / Black","0","0.0000","73.0000","58.4000","776159635","Vareya BV / Primary"
"57134559003006","Men's Cuff+Bracelets Bundle Gold / Black / Gold","0","0","Men's Cuff+Bracelets Bundle Gold / Black / Gold","0","0.0000","73.0000","58.4000","776159922","Vareya BV / Primary"
"57134558970238","Men's Cuff+Bracelets Bundle Gold / Black / Silver","0","0","Men's Cuff+Bracelets Bundle Gold / Black / Silver","0","0.0000","73.0000","58.4000","776191981","Vareya BV / Primary"
"57134558937470","Men's Cuff+Bracelets Bundle Gold / Gold / Black","0","0","Men's Cuff+Bracelets Bundle Gold / Gold / Black","0","0.0000","73.0000","58.4000","776192002","Vareya BV / Primary"
"57134558904702","Men's Cuff+Bracelets Bundle Gold / Gold / Gold","0","0","Men's Cuff+Bracelets Bundle Gold / Gold / Gold","0","0.0000","73.0000","58.4000","776159117","Vareya BV / Primary"
"57134558871934","Men's Cuff+Bracelets Bundle Gold / Gold / Silver","0","0","Men's Cuff+Bracelets Bundle Gold / Gold / Silver","0","0.0000","73.0000","58.4000","776159616","Vareya BV / Primary"
"57134558839166","Men's Cuff+Bracelets Bundle Gold / Silver / Black","0","0","Men's Cuff+Bracelets Bundle Gold / Silver / Black","0","0.0000","73.0000","58.4000","776159137","Vareya BV / Primary"
"57134558806398","Men's Cuff+Bracelets Bundle Gold / Silver / Gold","0","0","Men's Cuff+Bracelets Bundle Gold / Silver / Gold","0","0.0000","73.0000","58.4000","776189201","Vareya BV / Primary"
"57134558773630","Men's Cuff+Bracelets Bundle Gold / Silver / Silver","0","0","Men's Cuff+Bracelets Bundle Gold / Silver / Silver","0","0.0000","73.0000","58.4000","776159076","Vareya BV / Primary"
"57134558740862","Men's Cuff+Bracelets Bundle Silver / Black / Black","0","0","Men's Cuff+Bracelets Bundle Silver / Black / Black","0","0.0000","73.0000","58.4000","776161083","Vareya BV / Primary"
"57134558708094","Men's Cuff+Bracelets Bundle Silver / Black / Gold","0","0","Men's Cuff+Bracelets Bundle Silver / Black / Gold","0","0.0000","73.0000","58.4000","776161102","Vareya BV / Primary"
"57134558675326","Men's Cuff+Bracelets Bundle Silver / Black / Silver","0","0","Men's Cuff+Bracelets Bundle Silver / Black / Silver","0","0.0000","73.0000","58.4000","776192003","Vareya BV / Primary"
"57134558642558","Men's Cuff+Bracelets Bundle Silver / Gold / Black","0","0","Men's Cuff+Bracelets Bundle Silver / Gold / Black","0","0.0000","73.0000","58.4000","776161101","Vareya BV / Primary"
"57134558609790","Men's Cuff+Bracelets Bundle Silver / Gold / Gold","0","0","Men's Cuff+Bracelets Bundle Silver / Gold / Gold","0","0.0000","73.0000","58.4000","776191967","Vareya BV / Primary"
"57134558577022","Men's Cuff+Bracelets Bundle Silver / Gold / Silver","0","0","Men's Cuff+Bracelets Bundle Silver / Gold / Silver","0","0.0000","73.0000","58.4000","776161068","Vareya BV / Primary"
"57134558544254","Men's Cuff+Bracelets Bundle Silver / Silver / Black","0","0","Men's Cuff+Bracelets Bundle Silver / Silver / Black","0","0.0000","73.0000","58.4000","776159929","Vareya BV / Primary"
"57134558511486","Men's Cuff+Bracelets Bundle Silver / Silver / Gold","0","0","Men's Cuff+Bracelets Bundle Silver / Silver / Gold","0","0.0000","73.0000","58.4000","776159089","Vareya BV / Primary"
"57134558478718","Men's Cuff+Bracelets Bundle Silver / Silver / Silver","0","0","Men's Cuff+Bracelets Bundle Silver / Silver / Silver","0","0.0000","73.0000","58.4000","776159711","Vareya BV / Primary"
"57134089568638","Men's 925 Silver Bundle","0","0","Men's 925 Silver Bundle","0","0.0000","206.0000","132.6000","776152783","Vareya BV / Primary"
"57134084456830","Men's Bracelet Bundle Black / Black","0","0","Men's Bracelet Bundle Black / Black","0","0.0000","46.0000","46.0000","776153914","Vareya BV / Primary"
"57134084424062","Men's Bracelet Bundle Black / Gold","0","0","Men's Bracelet Bundle Black / Gold","0","0.0000","46.0000","46.0000","776154035","Vareya BV / Primary"
"57134084391294","Men's Bracelet Bundle Black / Silver","0","0","Men's Bracelet Bundle Black / Silver","0","0.0000","46.0000","46.0000","776152436","Vareya BV / Primary"
"57134084358526","Men's Bracelet Bundle Gold / Black","0","0","Men's Bracelet Bundle Gold / Black","0","0.0000","46.0000","46.0000","776152526","Vareya BV / Primary"
"57134084325758","Men's Bracelet Bundle Gold / Gold","0","0","Men's Bracelet Bundle Gold / Gold","0","0.0000","46.0000","46.0000","776182113","Vareya BV / Primary"
"57134084292990","Men's Bracelet Bundle Gold / Silver","0","0","Men's Bracelet Bundle Gold / Silver","0","0.0000","46.0000","46.0000","776182247","Vareya BV / Primary"
"57134084260222","Men's Bracelet Bundle Silver / Black","0","0","Men's Bracelet Bundle Silver / Black","0","0.0000","46.0000","46.0000","776153902","Vareya BV / Primary"
"57134084227454","Men's Bracelet Bundle Silver / Gold","0","0","Men's Bracelet Bundle Silver / Gold","0","0.0000","46.0000","46.0000","776184504","Vareya BV / Primary"
"57134084194686","Men's Bracelet Bundle Silver / Silver","0","0","Men's Bracelet Bundle Silver / Silver","0","0.0000","46.0000","46.0000","776153961","Vareya BV / Primary"
"57134054736254","Women's Ring Bundle Silver / Silver","0","0","Women's Ring Bundle Silver / Silver","0","0.0000","37.0000","31.4500","776184088","Vareya BV / Primary"
"57134054703486","Women's Ring Bundle Silver / Gold","0","0","Women's Ring Bundle Silver / Gold","0","0.0000","37.0000","31.4500","776153587","Vareya BV / Primary"
"57134054670718","Women's Ring Bundle Gold / Silver","0","0","Women's Ring Bundle Gold / Silver","0","0.0000","37.0000","31.4500","776153502","Vareya BV / Primary"
"57134054637950","Women's Ring Bundle Gold / Gold","0","0","Women's Ring Bundle Gold / Gold","0","0.0000","37.0000","31.4500","776181712","Vareya BV / Primary"
"57134028783998","Women's Cuff Bundle Silver / Silver","0","0","Women's Cuff Bundle Silver / Silver","0","0.0000","51.0000","43.3500","776183406","Vareya BV / Primary"
"57134028751230","Women's Cuff Bundle Silver / Gold","0","0","Women's Cuff Bundle Silver / Gold","0","0.0000","51.0000","43.3500","776183404","Vareya BV / Primary"
"57134028718462","Women's Cuff Bundle Gold / Silver","0","0","Women's Cuff Bundle Gold / Silver","0","0.0000","51.0000","43.3500","776152720","Vareya BV / Primary"
"57134028685694","Women's Cuff Bundle Gold / Gold","0","0","Women's Cuff Bundle Gold / Gold","0","0.0000","51.0000","43.3500","776150756","Vareya BV / Primary"
"57129473507710","Women's Necklace Bundle Silver / Silver","0","0","Women's Necklace Bundle Silver / Silver","0","0.0000","58.0000","49.3000","776091220","Vareya BV / Primary"
"57129473474942","Women's Necklace Bundle Silver / Gold","0","0","Women's Necklace Bundle Silver / Gold","0","0.0000","58.0000","49.3000","776059426","Vareya BV / Primary"
"57129473442174","Women's Necklace Bundle Gold / Silver","0","0","Women's Necklace Bundle Gold / Silver","0","0.0000","58.0000","49.3000","776059947","Vareya BV / Primary"
"57129473409406","Women's Necklace Bundle Gold / Gold","0","0","Women's Necklace Bundle Gold / Gold","0","0.0000","58.0000","49.3000","776060045","Vareya BV / Primary"
"57129460924798","Men's Minimal Bundle Black / Black","0","0","Men's Minimal Bundle Black / Black","0","0.0000","48.0000","40.8000","776058462","Vareya BV / Primary"
"57129460892030","Men's Minimal Bundle Black / Gold","0","0","Men's Minimal Bundle Black / Gold","0","0.0000","48.0000","40.8000","776091497","Vareya BV / Primary"
"57129460859262","Men's Minimal Bundle Black / Silver","0","0","Men's Minimal Bundle Black / Silver","0","0.0000","48.0000","40.8000","776090631","Vareya BV / Primary"
"57129460826494","Men's Minimal Bundle Gold / Black","0","0","Men's Minimal Bundle Gold / Black","0","0.0000","48.0000","40.8000","776058830","Vareya BV / Primary"
"57129460793726","Men's Minimal Bundle Gold / Gold","0","0","Men's Minimal Bundle Gold / Gold","0","0.0000","48.0000","40.8000","776090589","Vareya BV / Primary"
"57129460760958","Men's Minimal Bundle Gold / Silver","0","0","Men's Minimal Bundle Gold / Silver","0","0.0000","48.0000","40.8000","776090578","Vareya BV / Primary"
"57129460728190","Men's Minimal Bundle Silver / Black","0","0","Men's Minimal Bundle Silver / Black","0","0.0000","48.0000","40.8000","776091466","Vareya BV / Primary"
"57129460695422","Men's Minimal Bundle Silver / Gold","0","0","Men's Minimal Bundle Silver / Gold","0","0.0000","48.0000","40.8000","776058411","Vareya BV / Primary"
"57129460662654","Men's Minimal Bundle Silver / Silver","0","0","Men's Minimal Bundle Silver / Silver","0","0.0000","48.0000","40.8000","776058749","Vareya BV / Primary"
"57129408495998","Women's Cuff+Bracelet Bundle Silver / Silver","0","0","Women's Cuff+Bracelet Bundle Silver / Silver","0","0.0000","72.0000","41.6500","776088238","Vareya BV / Primary"
"57129408463230","Women's Cuff+Bracelet Bundle Silver / Gold","0","0","Women's Cuff+Bracelet Bundle Silver / Gold","0","0.0000","72.0000","41.6500","776088299","Vareya BV / Primary"
"57129408430462","Women's Cuff+Bracelet Bundle Gold / Silver","0","0","Women's Cuff+Bracelet Bundle Gold / Silver","0","0.0000","72.0000","41.6500","776055748","Vareya BV / Primary"
"57129408397694","Women's Cuff+Bracelet Bundle Gold / Gold","0","0","Women's Cuff+Bracelet Bundle Gold / Gold","0","0.0000","72.0000","41.6500","776088244","Vareya BV / Primary"
"57004517720446","Men's Ring+Cuff+Bracelet Bundle Black / Black / Black","0","0","Men's Ring+Cuff+Bracelet Bundle Black / Black / Black","0","0.0000","69.0000","69.0000","775046351","Vareya BV / Primary"
"57004517687678","Men's Ring+Cuff+Bracelet Bundle Black / Black / Gold","0","0","Men's Ring+Cuff+Bracelet Bundle Black / Black / Gold","0","0.0000","69.0000","69.0000","775043655","Vareya BV / Primary"
"57004517654910","Men's Ring+Cuff+Bracelet Bundle Black / Black / Silver","0","0","Men's Ring+Cuff+Bracelet Bundle Black / Black / Silver","0","0.0000","69.0000","69.0000","775072967","Vareya BV / Primary"
"57004517622142","Men's Ring+Cuff+Bracelet Bundle Black / Gold / Black","0","0","Men's Ring+Cuff+Bracelet Bundle Black / Gold / Black","0","0.0000","69.0000","69.0000","775043621","Vareya BV / Primary"
"57004517589374","Men's Ring+Cuff+Bracelet Bundle Black / Gold / Gold","0","0","Men's Ring+Cuff+Bracelet Bundle Black / Gold / Gold","0","0.0000","69.0000","69.0000","775043416","Vareya BV / Primary"
"57004517556606","Men's Ring+Cuff+Bracelet Bundle Black / Gold / Silver","0","0","Men's Ring+Cuff+Bracelet Bundle Black / Gold / Silver","0","0.0000","69.0000","69.0000","775072888","Vareya BV / Primary"
"57004517523838","Men's Ring+Cuff+Bracelet Bundle Black / Silver / Black","0","0","Men's Ring+Cuff+Bracelet Bundle Black / Silver / Black","0","0.0000","69.0000","69.0000","775043612","Vareya BV / Primary"
"57004517491070","Men's Ring+Cuff+Bracelet Bundle Black / Silver / Gold","0","0","Men's Ring+Cuff+Bracelet Bundle Black / Silver / Gold","0","0.0000","69.0000","69.0000","775043487","Vareya BV / Primary"
"57004517458302","Men's Ring+Cuff+Bracelet Bundle Black / Silver / Silver","0","0","Men's Ring+Cuff+Bracelet Bundle Black / Silver / Silver","0","0.0000","69.0000","69.0000","775072817","Vareya BV / Primary"
"57004517425534","Men's Ring+Cuff+Bracelet Bundle Gold / Black / Black","0","0","Men's Ring+Cuff+Bracelet Bundle Gold / Black / Black","0","0.0000","69.0000","69.0000","775047389","Vareya BV / Primary"
"57004517392766","Men's Ring+Cuff+Bracelet Bundle Gold / Black / Gold","0","0","Men's Ring+Cuff+Bracelet Bundle Gold / Black / Gold","0","0.0000","69.0000","69.0000","775072830","Vareya BV / Primary"
"57004517359998","Men's Ring+Cuff+Bracelet Bundle Gold / Black / Silver","0","0","Men's Ring+Cuff+Bracelet Bundle Gold / Black / Silver","0","0.0000","69.0000","69.0000","775062938","Vareya BV / Primary"
"57004517327230","Men's Ring+Cuff+Bracelet Bundle Gold / Gold / Black","0","0","Men's Ring+Cuff+Bracelet Bundle Gold / Gold / Black","0","0.0000","69.0000","69.0000","775043622","Vareya BV / Primary"
"57004517294462","Men's Ring+Cuff+Bracelet Bundle Gold / Gold / Gold","0","0","Men's Ring+Cuff+Bracelet Bundle Gold / Gold / Gold","0","0.0000","69.0000","69.0000","775046338","Vareya BV / Primary"
"57004517261694","Men's Ring+Cuff+Bracelet Bundle Gold / Gold / Silver","0","0","Men's Ring+Cuff+Bracelet Bundle Gold / Gold / Silver","0","0.0000","69.0000","69.0000","775047322","Vareya BV / Primary"
"57004517228926","Men's Ring+Cuff+Bracelet Bundle Gold / Silver / Black","0","0","Men's Ring+Cuff+Bracelet Bundle Gold / Silver / Black","0","0.0000","69.0000","69.0000","775046308","Vareya BV / Primary"
"57004517196158","Men's Ring+Cuff+Bracelet Bundle Gold / Silver / Gold","0","0","Men's Ring+Cuff+Bracelet Bundle Gold / Silver / Gold","0","0.0000","69.0000","69.0000","775046307","Vareya BV / Primary"
"57004517163390","Men's Ring+Cuff+Bracelet Bundle Gold / Silver / Silver","0","0","Men's Ring+Cuff+Bracelet Bundle Gold / Silver / Silver","0","0.0000","69.0000","69.0000","775043427","Vareya BV / Primary"
"57004517130622","Men's Ring+Cuff+Bracelet Bundle Silver / Black / Black","0","0","Men's Ring+Cuff+Bracelet Bundle Silver / Black / Black","0","0.0000","69.0000","69.0000","775043572","Vareya BV / Primary"
"57004517097854","Men's Ring+Cuff+Bracelet Bundle Silver / Black / Gold","0","0","Men's Ring+Cuff+Bracelet Bundle Silver / Black / Gold","0","0.0000","69.0000","69.0000","775046298","Vareya BV / Primary"
"57004517065086","Men's Ring+Cuff+Bracelet Bundle Silver / Black / Silver","0","0","Men's Ring+Cuff+Bracelet Bundle Silver / Black / Silver","0","0.0000","69.0000","69.0000","775043545","Vareya BV / Primary"
"57004517032318","Men's Ring+Cuff+Bracelet Bundle Silver / Gold / Black","0","0","Men's Ring+Cuff+Bracelet Bundle Silver / Gold / Black","0","0.0000","69.0000","69.0000","775047439","Vareya BV / Primary"
"57004516999550","Men's Ring+Cuff+Bracelet Bundle Silver / Gold / Gold","0","0","Men's Ring+Cuff+Bracelet Bundle Silver / Gold / Gold","0","0.0000","69.0000","69.0000","775072772","Vareya BV / Primary"
"57004516966782","Men's Ring+Cuff+Bracelet Bundle Silver / Gold / Silver","0","0","Men's Ring+Cuff+Bracelet Bundle Silver / Gold / Silver","0","0.0000","69.0000","69.0000","775047306","Vareya BV / Primary"
"57004516934014","Men's Ring+Cuff+Bracelet Bundle Silver / Silver / Black","0","0","Men's Ring+Cuff+Bracelet Bundle Silver / Silver / Black","0","0.0000","69.0000","69.0000","775072739","Vareya BV / Primary"
"57004516901246","Men's Ring+Cuff+Bracelet Bundle Silver / Silver / Gold","0","0","Men's Ring+Cuff+Bracelet Bundle Silver / Silver / Gold","0","0.0000","69.0000","69.0000","775043552","Vareya BV / Primary"
"57004516868478","Men's Ring+Cuff+Bracelet Bundle Silver / Silver / Silver","0","0","Men's Ring+Cuff+Bracelet Bundle Silver / Silver / Silver","0","0.0000","69.0000","69.0000","775062820","Vareya BV / Primary"
"57004501795198","Men's Cuff+Bracelet Bundle Black / Black","0","0","Men's Cuff+Bracelet Bundle Black / Black","0","0.0000","47.0000","47.0000","775045643","Vareya BV / Primary"
"57004501762430","Men's Cuff+Bracelet Bundle Black / Gold","0","0","Men's Cuff+Bracelet Bundle Black / Gold","0","0.0000","47.0000","47.0000","775062128","Vareya BV / Primary"
"57004501729662","Men's Cuff+Bracelet Bundle Black / Silver","0","0","Men's Cuff+Bracelet Bundle Black / Silver","0","0.0000","47.0000","47.0000","775045823","Vareya BV / Primary"
"57004501696894","Men's Cuff+Bracelet Bundle Gold / Black","0","0","Men's Cuff+Bracelet Bundle Gold / Black","0","0.0000","47.0000","47.0000","775062114","Vareya BV / Primary"
"57004501664126","Men's Cuff+Bracelet Bundle Gold / Gold","0","0","Men's Cuff+Bracelet Bundle Gold / Gold","0","0.0000","47.0000","47.0000","775045671","Vareya BV / Primary"
"57004501631358","Men's Cuff+Bracelet Bundle Gold / Silver","0","0","Men's Cuff+Bracelet Bundle Gold / Silver","0","0.0000","47.0000","47.0000","775072125","Vareya BV / Primary"
"57004501598590","Men's Cuff+Bracelet Bundle Silver / Black","0","0","Men's Cuff+Bracelet Bundle Silver / Black","0","0.0000","47.0000","47.0000","775045609","Vareya BV / Primary"
"57004501565822","Men's Cuff+Bracelet Bundle Silver / Gold","0","0","Men's Cuff+Bracelet Bundle Silver / Gold","0","0.0000","47.0000","47.0000","775072139","Vareya BV / Primary"
"57004501533054","Men's Cuff+Bracelet Bundle Silver / Silver","0","0","Men's Cuff+Bracelet Bundle Silver / Silver","0","0.0000","47.0000","47.0000","775042851","Vareya BV / Primary"
"56891072610686","Men's Bestsellers Bundle Black / Black","0","0","Men's Bestsellers Bundle Black / Black","0","0.0000","39.1000","39.1000","766697470","Vareya BV / Primary"
"56891072577918","Men's Bestsellers Bundle Gold / Black","0","0","Men's Bestsellers Bundle Gold / Black","0","0.0000","39.1000","39.1000","766697470","Vareya BV / Primary"
"56891072545150","Men's Bestsellers Bundle Silver / Black","0","0","Men's Bestsellers Bundle Silver / Black","0","0.0000","39.1000","39.1000","766697470","Vareya BV / Primary"
"56891061633406","Men's Bestsellers Bundle Black / Gold","0","0","Men's Bestsellers Bundle Black / Gold","0","0.0000","60.3500","39.1000","766697470","Vareya BV / Primary"
"56891061567870","Men's Bestsellers Bundle Black / Silver","0","0","Men's Bestsellers Bundle Black / Silver","0","0.0000","60.3500","39.1000","766697470","Vareya BV / Primary"
"56822662988158","Women's Bestsellers Bundle Silver / Silver / Silver","0","0","Women's Bestsellers Bundle Silver / Silver / Silver","0","0.0000","72.0000","57.5000","766697957","Vareya BV / Primary"
"56822662955390","Women's Bestsellers Bundle Silver / Gold / Silver","0","0","Women's Bestsellers Bundle Silver / Gold / Silver","0","0.0000","72.0000","57.5000","766698031","Vareya BV / Primary"
"56822662922622","Women's Bestsellers Bundle Gold / Silver / Silver","0","0","Women's Bestsellers Bundle Gold / Silver / Silver","0","0.0000","72.0000","57.5000","766698931","Vareya BV / Primary"
"56822662889854","Women's Bestsellers Bundle Gold / Gold / Silver","0","0","Women's Bestsellers Bundle Gold / Gold / Silver","0","0.0000","72.0000","57.5000","766697948","Vareya BV / Primary"
"56747879301502","Vacier Gift Card €100.00","0","0","Vacier Gift Card €100.00","711719","0.0000","100.0000","100.0000","770735708","Vareya BV / Primary"
"56747879268734","Vacier Gift Card €50.00","0","0","Vacier Gift Card €50.00","711719","0.0000","50.0000","50.0000","770711603","Vareya BV / Primary"
"56747854856574","Vacier Gift Card €","0","0","Vacier Gift Card €","711719","0.0000","10.0000","10.0000","770717028","Vareya BV / Primary"
"56730754679166","Vacier Gift Card €250.00","0","0","Vacier Gift Card €250.00","0","0.0000","250.0000","250.0000","770515859","Vareya BV / Primary"
"56730754646398","Vacier Gift Card €100.00","0","0","Vacier Gift Card €100.00","0","0.0000","100.0000","100.0000","770500162","Vareya BV / Primary"
"56730754613630","Vacier Gift Card €50.00","0","0","Vacier Gift Card €50.00","0","0.0000","50.0000","50.0000","770498172","Vareya BV / Primary"
"56730754580862","Vacier Gift Card €25.00","0","0","Vacier Gift Card €25.00","0","0.0000","25.0000","25.0000","770501650","Vareya BV / Primary"
"56528789078398","Female All Set Bestsellers (Offer No.4) Silver / Silver / Silver","0","0","Female All Set Bestsellers (Offer No.4) Silver / Silver / Silver","0","0.0000","86.0000","86.0000","766697931","Vareya BV / Primary"
"56528789045630","Female All Set Bestsellers (Offer No.4) Silver / Silver / Gold","0","0","Female All Set Bestsellers (Offer No.4) Silver / Silver / Gold","0","0.0000","86.0000","86.0000","766698051","Vareya BV / Primary"
"56528789012862","Female All Set Bestsellers (Offer No.4) Silver / Gold / Silver","0","0","Female All Set Bestsellers (Offer No.4) Silver / Gold / Silver","0","0.0000","86.0000","86.0000","766699079","Vareya BV / Primary"
"56528788980094","Female All Set Bestsellers (Offer No.4) Silver / Gold / Gold","0","0","Female All Set Bestsellers (Offer No.4) Silver / Gold / Gold","0","0.0000","86.0000","86.0000","766697804","Vareya BV / Primary"
"56528788947326","Female All Set Bestsellers (Offer No.4) Gold / Silver / Silver","0","0","Female All Set Bestsellers (Offer No.4) Gold / Silver / Silver","0","0.0000","86.0000","86.0000","766697800","Vareya BV / Primary"
"56528788914558","Female All Set Bestsellers (Offer No.4) Gold / Silver / Gold","0","0","Female All Set Bestsellers (Offer No.4) Gold / Silver / Gold","0","0.0000","86.0000","86.0000","766698029","Vareya BV / Primary"
"56528788881790","Female All Set Bestsellers (Offer No.4) Gold / Gold / Silver","0","0","Female All Set Bestsellers (Offer No.4) Gold / Gold / Silver","0","0.0000","86.0000","86.0000","766698396","Vareya BV / Primary"
"56528788849022","Female All Set Bestsellers (Offer No.4) Gold / Gold / Gold","0","0","Female All Set Bestsellers (Offer No.4) Gold / Gold / Gold","0","0.0000","86.0000","86.0000","766698540","Vareya BV / Primary"
"56528778527102","Female Stackable Bestsellers (Offer No.3) Silver / Silver","0","0","Female Stackable Bestsellers (Offer No.3) Silver / Silver","0","0.0000","58.0000","58.0000","766699089","Vareya BV / Primary"
"56528778494334","Female Stackable Bestsellers (Offer No.3) Silver / Gold","0","0","Female Stackable Bestsellers (Offer No.3) Silver / Gold","0","0.0000","58.0000","58.0000","766698009","Vareya BV / Primary"
"56528778461566","Female Stackable Bestsellers (Offer No.3) Gold / Silver","0","0","Female Stackable Bestsellers (Offer No.3) Gold / Silver","0","0.0000","58.0000","58.0000","766697984","Vareya BV / Primary"
"56528778428798","Female Stackable Bestsellers (Offer No.3) Gold / Gold","0","0","Female Stackable Bestsellers (Offer No.3) Gold / Gold","0","0.0000","58.0000","58.0000","766698149","Vareya BV / Primary"
"56528774660478","Women's Bestsellers Bundle Silver / Silver / Gold","0","0","Women's Bestsellers Bundle Silver / Silver / Gold","0","0.0000","72.0000","57.5000","766697995","Vareya BV / Primary"
"56528774594942","Women's Bestsellers Bundle Silver / Gold / Gold","0","0","Women's Bestsellers Bundle Silver / Gold / Gold","0","0.0000","72.0000","57.5000","766697755","Vareya BV / Primary"
"56528774529406","Women's Bestsellers Bundle Gold / Silver / Gold","0","0","Women's Bestsellers Bundle Gold / Silver / Gold","0","0.0000","72.0000","57.5000","766698326","Vareya BV / Primary"
"56528774463870","Women's Bestsellers Bundle Gold / Gold / Gold","0","0","Women's Bestsellers Bundle Gold / Gold / Gold","0","0.0000","72.0000","57.5000","766697970","Vareya BV / Primary"
"56528767418750","Full Female Set - (Offer No.1) Silver / Silver / Silver","0","0","Full Female Set - (Offer No.1) Silver / Silver / Silver","0","0.0000","73.0000","73.0000","766698033","Vareya BV / Primary"
"56528767385982","Full Female Set - (Offer No.1) Silver / Silver / Gold","0","0","Full Female Set - (Offer No.1) Silver / Silver / Gold","0","0.0000","73.0000","73.0000","766698089","Vareya BV / Primary"
"56528767353214","Full Female Set - (Offer No.1) Silver / Gold / Silver","0","0","Full Female Set - (Offer No.1) Silver / Gold / Silver","0","0.0000","73.0000","73.0000","766698023","Vareya BV / Primary"
"56528767320446","Full Female Set - (Offer No.1) Silver / Gold / Gold","0","0","Full Female Set - (Offer No.1) Silver / Gold / Gold","0","0.0000","73.0000","73.0000","766698880","Vareya BV / Primary"
"56528767287678","Full Female Set - (Offer No.1) Gold / Silver / Silver","0","0","Full Female Set - (Offer No.1) Gold / Silver / Silver","0","0.0000","73.0000","73.0000","766698087","Vareya BV / Primary"
"56528767254910","Full Female Set - (Offer No.1) Gold / Silver / Gold","0","0","Full Female Set - (Offer No.1) Gold / Silver / Gold","0","0.0000","73.0000","73.0000","766697941","Vareya BV / Primary"
"56528767222142","Full Female Set - (Offer No.1) Gold / Gold / Silver","0","0","Full Female Set - (Offer No.1) Gold / Gold / Silver","0","0.0000","73.0000","73.0000","766697918","Vareya BV / Primary"
"56528767189374","Full Female Set - (Offer No.1) Gold / Gold / Gold","0","0","Full Female Set - (Offer No.1) Gold / Gold / Gold","0","0.0000","73.0000","73.0000","766697910","Vareya BV / Primary"
"56528756998526","925 Silver Bestsellers (Offer No.5)","0","0","925 Silver Bestsellers (Offer No.5)","0","0.0000","216.0000","216.0000","766697946","Vareya BV / Primary"
"56528753000830","925 Silver Bestsellers (Offer No.4)","0","0","925 Silver Bestsellers (Offer No.4)","0","0.0000","172.0000","172.0000","766697817","Vareya BV / Primary"
"56528749199742","925 Silver Bestsellers (Offer No.3)","0","0","925 Silver Bestsellers (Offer No.3)","0","0.0000","178.0000","178.0000","766697795","Vareya BV / Primary"
"56528710926718","Full Male Set (Offer No.2) Gold / Gold / Gold","0","0","Full Male Set (Offer No.2) Gold / Gold / Gold","0","0.0000","71.0000","71.0000","766697437","Vareya BV / Primary"
"56528710893950","Full Male Set (Offer No.2) Gold / Gold / Silver","0","0","Full Male Set (Offer No.2) Gold / Gold / Silver","0","0.0000","71.0000","71.0000","766697426","Vareya BV / Primary"
"56528710861182","Full Male Set (Offer No.2) Gold / Silver / Gold","0","0","Full Male Set (Offer No.2) Gold / Silver / Gold","0","0.0000","71.0000","71.0000","766697628","Vareya BV / Primary"
"56528710828414","Full Male Set (Offer No.2) Gold / Silver / Silver","0","0","Full Male Set (Offer No.2) Gold / Silver / Silver","0","0.0000","71.0000","71.0000","766697680","Vareya BV / Primary"
"56528710795646","Full Male Set (Offer No.2) Silver / Gold / Gold","0","0","Full Male Set (Offer No.2) Silver / Gold / Gold","0","0.0000","71.0000","71.0000","766697668","Vareya BV / Primary"
"56528710762878","Full Male Set (Offer No.2) Silver / Gold / Silver","0","0","Full Male Set (Offer No.2) Silver / Gold / Silver","0","0.0000","71.0000","71.0000","766698065","Vareya BV / Primary"
"56528710730110","Full Male Set (Offer No.2) Silver / Silver / Gold","0","0","Full Male Set (Offer No.2) Silver / Silver / Gold","0","0.0000","71.0000","71.0000","766697556","Vareya BV / Primary"
"56528710697342","Full Male Set (Offer No.2) Silver / Silver / Silver","0","0","Full Male Set (Offer No.2) Silver / Silver / Silver","0","0.0000","71.0000","71.0000","766697915","Vareya BV / Primary"
"56528705192318","Male Bracelet Bestsellers (Offer No.1) Gold / Gold / Gold","0","0","Male Bracelet Bestsellers (Offer No.1) Gold / Gold / Gold","0","0.0000","71.0000","71.0000","766698195","Vareya BV / Primary"
"56528705159550","Men's Bestsellers Bundle Gold / Gold","0","0","Men's Bestsellers Bundle Gold / Gold","0","0.0000","71.0000","39.1000","766697292","Vareya BV / Primary"
"56528705126782","Male Bracelet Bestsellers (Offer No.1) Gold / Silver / Gold","0","0","Male Bracelet Bestsellers (Offer No.1) Gold / Silver / Gold","0","0.0000","71.0000","71.0000","766698067","Vareya BV / Primary"
"56528705094014","Men's Bestsellers Bundle Gold / Silver","0","0","Men's Bestsellers Bundle Gold / Silver","0","0.0000","71.0000","39.1000","766697431","Vareya BV / Primary"
"56528705061246","Male Bracelet Bestsellers (Offer No.1) Silver / Gold / Gold","0","0","Male Bracelet Bestsellers (Offer No.1) Silver / Gold / Gold","0","0.0000","71.0000","71.0000","766697988","Vareya BV / Primary"
"56528705028478","Men's Bestsellers Bundle Silver / Gold","0","0","Men's Bestsellers Bundle Silver / Gold","0","0.0000","71.0000","39.1000","766697058","Vareya BV / Primary"
"56528704995710","Male Bracelet Bestsellers (Offer No.1) Silver / Silver / Gold","0","0","Male Bracelet Bestsellers (Offer No.1) Silver / Silver / Gold","0","0.0000","71.0000","71.0000","766697149","Vareya BV / Primary"
"56528704962942","Men's Bestsellers Bundle Silver / Silver","0","0","Men's Bestsellers Bundle Silver / Silver","0","0.0000","71.0000","39.1000","766697470","Vareya BV / Primary"
"50805063418196","Test product","0","0","Test product","0","0.0000","0.0000",,"742314802","Vareya BV / Primary"
"50489794363732","Test bundle Gold / Gold / Gold","0","0","Test bundle Gold / Gold / Gold","0","0.0000","69.0000","69.0000","740609761","Vareya BV / Primary"
"50489794232660","Test bundle Gold / Gold / Silver","0","0","Test bundle Gold / Gold / Silver","0","0.0000","69.0000","69.0000","740609761","Vareya BV / Primary"
"50489794134356","Test bundle Gold / Silver / Gold","0","0","Test bundle Gold / Silver / Gold","0","0.0000","69.0000","69.0000","740609761","Vareya BV / Primary"
"50489794101588","Test bundle Silver / Gold / Gold","0","0","Test bundle Silver / Gold / Gold","0","0.0000","69.0000","69.0000","740609761","Vareya BV / Primary"
"50489794068820","Test bundle Silver / Gold / Silver","0","0","Test bundle Silver / Gold / Silver","0","0.0000","69.0000","69.0000","740609761","Vareya BV / Primary"
"50489794036052","Test bundle Silver / Silver / Gold","0","0","Test bundle Silver / Silver / Gold","0","0.0000","69.0000","69.0000","740609761","Vareya BV / Primary"
"50489794003284","Test bundle Silver / Silver / Silver","0","0","Test bundle Silver / Silver / Silver","0","0.0000","69.0000","69.0000","740609761","Vareya BV / Primary"
"50482765201748","Test bundle Extra Small (Fits XXS-XS) / Extra Small (Fits XXS-XS) / Extra Small (Fits XXS-XS)","0","0","Test bundle Extra Small (Fits XXS-XS) / Extra Small (Fits XXS-XS) / Extra Small (Fits XXS-XS)","0","0.0000","69.0000","69.0000","740609828","Vareya BV / Primary"
"50482765103444","Test bundle Extra Small (Fits XXS-XS) / Extra Small (Fits XXS-XS) / Extra Large (Fits XL- XXL)","0","0","Test bundle Extra Small (Fits XXS-XS) / Extra Small (Fits XXS-XS) / Extra Large (Fits XL- XXL)","0","0.0000","69.0000","69.0000","740584528","Vareya BV / Primary"
"50482764972372","Test bundle Extra Small (Fits XXS-XS) / Extra Small (Fits XXS-XS) / Regular - Fits Most (Small to Large)","0","0","Test bundle Extra Small (Fits XXS-XS) / Extra Small (Fits XXS-XS) / Regular - Fits Most (Small to Large)","0","0.0000","69.0000","69.0000","740582336","Vareya BV / Primary"
"50482764906836","Test bundle Extra Small (Fits XXS-XS) / Extra Large (Fits XL- XXL) / Extra Small (Fits XXS-XS)","0","0","Test bundle Extra Small (Fits XXS-XS) / Extra Large (Fits XL- XXL) / Extra Small (Fits XXS-XS)","0","0.0000","69.0000","69.0000","740584472","Vareya BV / Primary"
"50482764841300","Test bundle Extra Small (Fits XXS-XS) / Extra Large (Fits XL- XXL) / Extra Large (Fits XL- XXL)","0","0","Test bundle Extra Small (Fits XXS-XS) / Extra Large (Fits XL- XXL) / Extra Large (Fits XL- XXL)","0","0.0000","69.0000","69.0000","740582219","Vareya BV / Primary"
"50482764775764","Test bundle Extra Small (Fits XXS-XS) / Extra Large (Fits XL- XXL) / Regular - Fits Most (Small to Large)","0","0","Test bundle Extra Small (Fits XXS-XS) / Extra Large (Fits XL- XXL) / Regular - Fits Most (Small to Large)","0","0.0000","69.0000","69.0000","740582258","Vareya BV / Primary"
"50482764742996","Test bundle Extra Small (Fits XXS-XS) / Regular - Fits Most (Small to Large) / Extra Small (Fits XXS-XS)","0","0","Test bundle Extra Small (Fits XXS-XS) / Regular - Fits Most (Small to Large) / Extra Small (Fits XXS-XS)","0","0.0000","69.0000","69.0000","740582248","Vareya BV / Primary"
"50482764710228","Test bundle Extra Small (Fits XXS-XS) / Regular - Fits Most (Small to Large) / Extra Large (Fits XL- XXL)","0","0","Test bundle Extra Small (Fits XXS-XS) / Regular - Fits Most (Small to Large) / Extra Large (Fits XL- XXL)","0","0.0000","69.0000","69.0000","740570789","Vareya BV / Primary"
"50482764644692","Test bundle Extra Small (Fits XXS-XS) / Regular - Fits Most (Small to Large) / Regular - Fits Most (Small to Large)","0","0","Test bundle Extra Small (Fits XXS-XS) / Regular - Fits Most (Small to Large) / Regular - Fits Most (Small to Large)","0","0.0000","69.0000","69.0000","740582203","Vareya BV / Primary"
"50482764546388","Test bundle Extra Large (Fits XL- XXL) / Extra Small (Fits XXS-XS) / Extra Small (Fits XXS-XS)","0","0","Test bundle Extra Large (Fits XL- XXL) / Extra Small (Fits XXS-XS) / Extra Small (Fits XXS-XS)","0","0.0000","69.0000","69.0000","740579045","Vareya BV / Primary"
"50482764415316","Test bundle Extra Large (Fits XL- XXL) / Extra Small (Fits XXS-XS) / Extra Large (Fits XL- XXL)","0","0","Test bundle Extra Large (Fits XL- XXL) / Extra Small (Fits XXS-XS) / Extra Large (Fits XL- XXL)","0","0.0000","69.0000","69.0000","740579079","Vareya BV / Primary"
"50482764382548","Test bundle Extra Large (Fits XL- XXL) / Extra Small (Fits XXS-XS) / Regular - Fits Most (Small to Large)","0","0","Test bundle Extra Large (Fits XL- XXL) / Extra Small (Fits XXS-XS) / Regular - Fits Most (Small to Large)","0","0.0000","69.0000","69.0000","740579027","Vareya BV / Primary"
"50482764284244","Test bundle Extra Large (Fits XL- XXL) / Extra Large (Fits XL- XXL) / Extra Small (Fits XXS-XS)","0","0","Test bundle Extra Large (Fits XL- XXL) / Extra Large (Fits XL- XXL) / Extra Small (Fits XXS-XS)","0","0.0000","69.0000","69.0000","740579166","Vareya BV / Primary"
"50482764185940","Test bundle Extra Large (Fits XL- XXL) / Extra Large (Fits XL- XXL) / Extra Large (Fits XL- XXL)","0","0","Test bundle Extra Large (Fits XL- XXL) / Extra Large (Fits XL- XXL) / Extra Large (Fits XL- XXL)","0","0.0000","69.0000","69.0000","740579011","Vareya BV / Primary"
"50482764120404","Test bundle Extra Large (Fits XL- XXL) / Extra Large (Fits XL- XXL) / Regular - Fits Most (Small to Large)","0","0","Test bundle Extra Large (Fits XL- XXL) / Extra Large (Fits XL- XXL) / Regular - Fits Most (Small to Large)","0","0.0000","69.0000","69.0000","740584439","Vareya BV / Primary"
"50482764022100","Test bundle Extra Large (Fits XL- XXL) / Regular - Fits Most (Small to Large) / Extra Small (Fits XXS-XS)","0","0","Test bundle Extra Large (Fits XL- XXL) / Regular - Fits Most (Small to Large) / Extra Small (Fits XXS-XS)","0","0.0000","69.0000","69.0000","740584438","Vareya BV / Primary"
"50482763956564","Test bundle Extra Large (Fits XL- XXL) / Regular - Fits Most (Small to Large) / Extra Large (Fits XL- XXL)","0","0","Test bundle Extra Large (Fits XL- XXL) / Regular - Fits Most (Small to Large) / Extra Large (Fits XL- XXL)","0","0.0000","69.0000","69.0000","740570868","Vareya BV / Primary"
"50482763891028","Test bundle Extra Large (Fits XL- XXL) / Regular - Fits Most (Small to Large) / Regular - Fits Most (Small to Large)","0","0","Test bundle Extra Large (Fits XL- XXL) / Regular - Fits Most (Small to Large) / Regular - Fits Most (Small to Large)","0","0.0000","69.0000","69.0000","740579213","Vareya BV / Primary"
"50482763825492","Test bundle Regular - Fits Most (Small to Large) / Extra Small (Fits XXS-XS) / Extra Small (Fits XXS-XS)","0","0","Test bundle Regular - Fits Most (Small to Large) / Extra Small (Fits XXS-XS) / Extra Small (Fits XXS-XS)","0","0.0000","69.0000","69.0000","740584488","Vareya BV / Primary"
"50482763792724","Test bundle Regular - Fits Most (Small to Large) / Extra Small (Fits XXS-XS) / Extra Large (Fits XL- XXL)","0","0","Test bundle Regular - Fits Most (Small to Large) / Extra Small (Fits XXS-XS) / Extra Large (Fits XL- XXL)","0","0.0000","69.0000","69.0000","740579060","Vareya BV / Primary"
"50482763694420","Test bundle Regular - Fits Most (Small to Large) / Extra Small (Fits XXS-XS) / Regular - Fits Most (Small to Large)","0","0","Test bundle Regular - Fits Most (Small to Large) / Extra Small (Fits XXS-XS) / Regular - Fits Most (Small to Large)","0","0.0000","69.0000","69.0000","740579146","Vareya BV / Primary"
"50482763661652","Test bundle Regular - Fits Most (Small to Large) / Extra Large (Fits XL- XXL) / Extra Small (Fits XXS-XS)","0","0","Test bundle Regular - Fits Most (Small to Large) / Extra Large (Fits XL- XXL) / Extra Small (Fits XXS-XS)","0","0.0000","69.0000","69.0000","740578997","Vareya BV / Primary"
"50482763596116","Test bundle Regular - Fits Most (Small to Large) / Extra Large (Fits XL- XXL) / Extra Large (Fits XL- XXL)","0","0","Test bundle Regular - Fits Most (Small to Large) / Extra Large (Fits XL- XXL) / Extra Large (Fits XL- XXL)","0","0.0000","69.0000","69.0000","740579050","Vareya BV / Primary"
"50482763530580","Test bundle Regular - Fits Most (Small to Large) / Extra Large (Fits XL- XXL) / Regular - Fits Most (Small to Large)","0","0","Test bundle Regular - Fits Most (Small to Large) / Extra Large (Fits XL- XXL) / Regular - Fits Most (Small to Large)","0","0.0000","69.0000","69.0000","740584483","Vareya BV / Primary"
"50482763497812","Test bundle Regular - Fits Most (Small to Large) / Regular - Fits Most (Small to Large) / Extra Small (Fits XXS-XS)","0","0","Test bundle Regular - Fits Most (Small to Large) / Regular - Fits Most (Small to Large) / Extra Small (Fits XXS-XS)","0","0.0000","69.0000","69.0000","740584467","Vareya BV / Primary"
"50482763432276","Test bundle Regular - Fits Most (Small to Large) / Regular - Fits Most (Small to Large) / Extra Large (Fits XL- XXL)","0","0","Test bundle Regular - Fits Most (Small to Large) / Regular - Fits Most (Small to Large) / Extra Large (Fits XL- XXL)","0","0.0000","69.0000","69.0000","740571263","Vareya BV / Primary"
"50482763399508","Test bundle Gold / Silver / Silver","0","0","Test bundle Gold / Silver / Silver","0","0.0000","69.0000","69.0000","740609761","Vareya BV / Primary"
"49651158286676","Bracelet Essential Stack Gold / Silver / Silver","0","0","Bracelet Essential Stack Gold / Silver / Silver","0","0.0000","92.0000","92.0000","734581487","Vareya BV / Primary"
"49230306705748","‍Vacier Gift Box and Cloth (100% off)","1676","1676","Paperboard packaging box","48195000","3","0.0000","3.0000","731376921","Vareya BV / Primary"
"49226377199956","‍Vacier Gift Box (100% off)","0","0","‍Vacier Gift Box (100% off)","0","0.0000","0.0000",,"731312611","Vareya BV / Primary"
"47219183092052","Copy of BOX CHAIN NECKLACE Gold","0","0","Copy of BOX CHAIN NECKLACE Gold","0","0.0000","27.9200","27.9200","718486544","Vareya BV / Primary"
"46680345641300","VERSATILE VACIER WALLET (100% off)","177","177","Wallet with outer surface of plastic sheeting","42023210","0","0.0000",,"714414943","Vareya BV / Primary"
"46679085482324","Silver Cloth (100% off)","1676","1676","Microfiber cleaning cloth","63071090","2","0.0000","2.0000","714426126","Vareya BV / Primary"
"43059294339258","VERSATILE VACIER WALLET (100% off)","0","0","VERSATILE VACIER WALLET (100% off)","0","0.0000","0.0000",,"722403353","Vareya BV / Primary"
"4.92303E+13","‍Vacier Gift Box and Cloth (100% off)","0","0","‍Vacier Gift Box and Cloth (100% off)","71131120","3.0000","3.0000","3.0000","772023779","Vareya BV / Primary"
"4.72192E+13","Copy of BOX CHAIN NECKLACE Gold","0","0","Copy of BOX CHAIN NECKLACE Gold","711719","1.0000","10.0000","10.0000","720978371","Vareya BV / Primary"
"4.66803E+13","VERSATILE VACIER WALLET (100% off)","0","0","VERSATILE VACIER WALLET (100% off)","392310","0.0000","0.0000",,"772000538","Vareya BV / Primary"
"4.66791E+13","Silver Cloth (100% off)","0","0","Silver Cloth (100% off)","630710","1.0000","2.0000","2.0000","720977640","Vareya BV / Primary"
